{"presets":{"Aspen":{"headline_animation":"fadeIn","promo_bg_color":"#1b1f23","promo_text_color":"#6b6b6b","share_banner_color":"#007a87","quick_shop_color":"#363636","use_logo":false,"use_logo_home":false,"logo_width":"205","main_linklist":"main-menu","dropdown_column_links":"10","logo_top_padding":"2","menu_top_padding":"6","content_top_padding":"100","search_enabled":true,"search_option":"products","link_color":"#007a87","link_hover_color":"#009aab","sidebar_nav_color":"#363636","sidebar_nav_color_hover":"#7f8c8d","btn_color":"#ff5a5f","btn_hover_color":"#ff7e82","btn_text_color":"#ffffff","sale_color":"#ff5a5f","sale_banner_color":"#ffb400","new_banner_color":"#ffb400","was_price_color":"#363636","border_color":"#b8c6c6","tab_background_color":"#ffffff","table_styles_enabled":true,"shop_bg_color":"#ffffff","modal_background_color":"#ffffff","header_bg_color":"#1b1f23","transparent_header":true,"mobile_header_bg_color":"#666666","mobile_menu_color":"black","shop_use_content_bg_color":false,"shop_content_bg_color":"","shop_use_home_page_content_bg_color":true,"shop_home_page_content_bg_color":"#ffffff","shop_home_page_content_text_color":"#363636","use_custom_bg_image":false,"repeat_bg":"repeat","bg_fixed":false,"bg_stretched":false,"sub_footer_link_color":"#7f8c8d","sub_footer_link_color_hover":"#ffffff","sub_footer_border_color":"#1b1f23","sub_footer_color":"#1b1f23","use_custom_footer_image":false,"footer_bg_stretched":false,"logo_typeface_method":"google_webfonts","logo_google_webfont_font":"Raleway","logo_websafe_font":"Helvetica, Arial, sans-serif","logo_weight":"normal","logo_font_style":"none","logo_font_size":"18","logo_color":"#ffffff","logo_color_home":"#ffffff","headline_typeface_method":"google_webfonts","headline_google_webfont_font":"Raleway","headline_websafe_font":"'HelveticaNeue-Light', 'Helvetica Neue Light', 'Helvetica Neue', Helvetica, Arial, sans-serif","headline_weight":"normal","headline_font_style":"uppercase","headline_font_size":"25","headline_letter_spacing":"3","headline_color":"#363636","headline_footer_text_color":"#7f8c8d","headline_border":"wide","headline_border_color":"#363636","nav_typeface_method":"google_webfonts","nav_google_webfont_font":"Raleway","nav_websafe_font":"'Lucida Grande', 'Lucida Sans Unicode', 'Lucida Sans', Lucida, Helvetica, Arial, sans-serif","nav_weight":"normal","nav_font_style":"uppercase","nav_font_size":"12","nav_color":"#ffffff","nav_color_home":"#ffffff","nav_color_hover":"#b8c6c6","nav_letter_spacing":"2","nav_shadow":true,"regular_typeface_method":"websafe","regular_google_webfont_font":"Lato","regular_websafe_font":"'HelveticaNeue-Light', 'Helvetica Neue Light', 'Helvetica Neue', Helvetica, Arial, sans-serif","regular_weight":"normal","regular_font_style":"none","regular_font_size":"15","regular_color":"#363636","button_weight":"bold","button_font_style":"uppercase","button_font_size":"16","footer_font_size":"14","sub_footer_text_color":"#6b6b6b","promo_text":"","slideshow_headline_size":"42","slideshow_headline_weight":"normal","slideshow_subtitle_size":"18","slideshow_subtitle_weight":"normal","slideshow_shadow":true,"slideshow_1_enabled":true,"header_background":false,"homepage_arrow":true,"image_1_height":"550","image_1_alt_text":"","image_1_headline":"Parallax Shopify Theme","image_1_subtitle":"","image_1_text_color":"#ffffff","image_1_text_align":"center","image_1_button_text":"","image_1_link":"","slideshow_2_enabled":false,"image_2_position":"3","image_2_height":"550","image_2_alt_text":"","image_2_headline":"","image_2_subtitle":"","image_2_text_color":"#ffffff","image_2_text_align":"center","image_2_button_text":"","image_2_link":"","slideshow_3_enabled":false,"image_3_position":"5","image_3_height":"550","image_3_alt_text":"","image_3_headline":"","image_3_subtitle":"","image_3_text_color":"#ffffff","image_3_text_align":"center","image_3_button_text":"","image_3_link":"","slideshow_4_enabled":false,"image_4_position":"7","image_4_height":"600","image_4_alt_text":"","image_4_headline":"","image_4_subtitle":"","image_4_text_color":"#ffffff","image_4_text_align":"center","image_4_button_text":"","image_4_link":"","slideshow_5_enabled":false,"image_5_position":"10","image_5_height":"550","image_5_alt_text":"","image_5_headline":"","image_5_subtitle":"","image_5_text_color":"#ffffff","image_5_text_align":"center","image_5_button_text":"","image_5_link":"","slideshow_6_enabled":false,"image_6_position":"2","image_6_height":"550","image_6_alt_text":"","image_6_headline":"","image_6_subtitle":"","image_6_text_color":"#ffffff","image_6_text_align":"left","image_6_button_text":"","image_6_link":"","homepage1":"frontpage","homepage2":"","homepage3":"","content_1_position":"4","content_2_position":"6","content_3_position":"10","featured_links_position":"2","featured_links":true,"featured_links_count":"3","featured_links_style":"fadeInUp","feature1_link":"","feature1_title":"Step 1","feature1_description":"Go to the Themes &raquo; Customize Theme section to get started setting up the Parallax theme.","feature2_link":"","feature2_title":"Step 2","feature2_description":"Checkout our <a href=\"http:\/\/support.outofthesandbox.com\/\">Support Center<\/a> for theme-related articles, or the <a href=\"http:\/\/docs.shopify.com\/manual\">Shopify Manual<\/a> for general shop setup.","feature3_link":"","feature3_title":"Step 3","feature3_description":"Publish Parallax as your main theme when you're ready to launch. Let us know about new shop launches on <a href=\"https:\/\/twitter.com\/outofthesandbox\">Twitter<\/a>!","feature4_link":"","feature4_description":"","featured_collections_position":"15","frontpage_linklist":"","frontpage_collections_per_row":"2","featured_products_position":"8","frontpage_collection":"frontpage","frontpage_products_per_row":"4","featured_product_position":"9","frontpage_display_description":false,"frontpage_product_stagger":true,"featured_blog_position":"13","blog_widget_select":"news","home_page_articles":"4","featured_social_position":"14","twitter_widget":false,"twitter_username":"","tweet_count":"3","instagram_widget":false,"instagram_client_id":"","instagram_title":"Instagram","instagram_username":"","instagram_count":"6","product_breadcrumb":false,"display_tags":false,"display_type":true,"display_vendor":false,"display_collections":true,"display_social_buttons":true,"product_images_position":"left","product_slideshow_animation":"slide","slideshow_speed":"6","product_thumbs":false,"product_description_position":"top","display_related_products":true,"add_to_cart_text":"Add to Cart","sold_out_text":"Sold Out","free_price_text":"Free","related_products_title":"Related Items","notify_me_form":true,"display_product_quantity":false,"display_inventory_left":false,"inventory_left_text":"items left","products_per_row":"2","mobile_products_per_row":"2","pagination_limit":"48","align_height":false,"collection_height":"200","collection_breadcrumb":true,"collection_tags":false,"collection_sort":true,"display_collection_title":true,"sale_banner_enabled":true,"quick_shop_enabled":true,"quick_shop_full_description":false,"description_words":"25","homepage_sidebar":false,"collection_sidebar":false,"product_sidebar":false,"collection_sidebar_linklist":"","collection_sidebar_linklist2":"","filter_by_category":false,"filter_by_tag":false,"collection_sidebar_products":false,"collection_sidebar_vendors":false,"collection_sidebar_vendor_text":"Vendors","tags_text":"Filter","cart_action":"ajax","side_cart_enabled":true,"tax_included":false,"display_special_instructions":false,"show_shipping_calculator":false,"shipping_calculator_heading":"Shipping rates calculator","shipping_calculator_default_country":"United States","shipping_calculator_submit_button_label":"Calculate shipping rates","shipping_calculator_submit_button_label_disabled":"Calculating...","constrain_logo":true,"total_text":"TOTAL","display_recent_articles":true,"display_social_buttons_blog":true,"blog_tags":true,"blog_author":true,"blog_content_page":"","disqus_enabled":false,"disqus_shortname":"","contact_address":"","zoom_level":"15","copyright_text":"","newsletter_enabled":true,"newsletter_description":"Sign up to get the latest on sales, new releases and more …","newsletter_success_text":"Thank you for joining our mailing list!","newsletter_system":"shopify","mailchimp_link":"","footer_linklist_1":"footer","footer_content_page":"","display_designed_by":true,"social_icons_footer":true,"twitter_link":"http:\/\/twitter.com","facebook_link":"http:\/\/facebook.com","google_link":"","youtube_link":"","vimeo_link":"","pinterest_link":"","tumblr_link":"","instagram_link":"","linkedin_link":"","flickr_link":"","email_link":"","use_paypal":false,"use_bitcoin":false,"use_visa":false,"use_visaelectron":false,"use_mastercard":false,"use_amex":false,"use_cirrus":false,"use_delta":false,"use_discover":false,"use_western_union":false,"show_multiple_currencies":false,"currency_format":"money_format","supported_currencies":"USD CAD AUD GBP EUR JPY","default_currency":"USD","newsletter_popup":false,"newsletter_popup_form":true,"newsletter_popup_page":"","newsletter_popup_seconds":"2","newsletter_popup_days":"30","newsletter_popup_max_width":"600","customer_layout":"theme","blog_widget":"false","instagram_tag_name":"","slideshow_animation":"fade","slideshow_menu":"true","cart_return":"checkout","side_cart_button_position":"bottom","cart_button_background":"#666666","nav_active_color":"#B8C6C6","quick_shop_text":"Quick View","newsletter_text":"News & Updates","footer_link_color":"#55c0d4","footer_link_color_hover":"#fc4c02","footer_color":"#16161d","footer_text_color":"#ffffff","featured_text":"#ffffff","feature1_text":"420x265","feature2_text":"420x265","feature3_text":"420x265","featured_links_weight":"bold","social_icons_enabled":"true","headline_sub_footer_text_color":"#404040","option_to_match":"","collection_sidebar_page":"","collection_top_sidebar_page":"","frontpage_collection_full":""},"Madrid":{"headline_animation":"fadeIn","quick_shop_color":"#494c50","use_logo":false,"use_logo_home":false,"logo_width":"205","main_linklist":"main-menu","dropdown_column_links":"10","logo_top_padding":"5","menu_top_padding":"0","content_top_padding":"100","fixed_header":true,"search_enabled":true,"search_option":"products","link_color":"#bc8420","link_hover_color":"#2c3439","sidebar_nav_color":"#494c50","sidebar_nav_color_hover":"#7f8c8d","btn_color":"#bc8420","btn_hover_color":"#cb9a47","btn_text_color":"#ffffff","share_banner_color":"#5a5e5f","sale_color":"#bc8420","sale_banner_color":"#2c3439","new_banner_color":"#2c3439","was_price_color":"#7f8c8d","border_color":"#b8c6c6","tab_background_color":"#ffffff","table_styles_enabled":true,"shop_bg_color":"#ffffff","modal_background_color":"#ffffff","header_bg_color":"#ffffff","transparent_header":true,"mobile_header_bg_color":"#ffffff","mobile_menu_color":"white","promo_bg_color":"#ffffff","promo_text_color":"#494c50","shop_home_page_content_bg_color":"#ffffff","shop_home_page_content_text_color":"#494c50","use_custom_bg_image":false,"repeat_bg":"repeat","bg_fixed":false,"bg_stretched":false,"sub_footer_link_color":"#494c50","sub_footer_link_color_hover":"#bcbec0","sub_footer_border_color":"#dddddd","sub_footer_color":"#ffffff","use_custom_footer_image":false,"footer_bg_stretched":false,"logo_typeface_method":"google_webfonts","logo_google_webfont_font":"Unica One","logo_websafe_font":"Helvetica, Arial, sans-serif","logo_weight":"normal","logo_font_style":"none","logo_font_size":"18","logo_color":"#494c50","logo_color_home":"#ffffff","headline_typeface_method":"google_webfonts","headline_google_webfont_font":"Open+Sans","headline_websafe_font":"'HelveticaNeue-Light', 'Helvetica Neue Light', 'Helvetica Neue', Helvetica, Arial, sans-serif","headline_weight":"lighter","headline_font_style":"uppercase","headline_font_size":"22","headline_letter_spacing":"6","headline_color":"#494c50","headline_footer_text_color":"#494c50","headline_border":"short","headline_border_color":"#494c50","nav_typeface_method":"google_webfonts","nav_google_webfont_font":"Unica One","nav_websafe_font":"'Lucida Grande', 'Lucida Sans Unicode', 'Lucida Sans', Lucida, Helvetica, Arial, sans-serif","nav_weight":"normal","nav_font_style":"uppercase","nav_font_size":"16","nav_color":"#494c50","nav_color_home":"#ffffff","nav_color_hover":"#7f8c8d","nav_letter_spacing":"1","nav_shadow":true,"regular_typeface_method":"google_webfonts","regular_google_webfont_font":"Open+Sans","regular_websafe_font":"'HelveticaNeue-Light', 'Helvetica Neue Light', 'Helvetica Neue', Helvetica, Arial, sans-serif","regular_weight":"normal","regular_font_style":"none","regular_font_size":"14","regular_color":"#494c50","button_weight":"bold","button_font_style":"uppercase","button_font_size":"20","footer_font_size":"14","sub_footer_text_color":"#494c50","promo_text":"","slideshow_headline_size":"60","slideshow_headline_weight":"lighter","slideshow_subtitle_size":"20","slideshow_subtitle_weight":"normal","slideshow_shadow":true,"slideshow_1_enabled":true,"header_background":false,"homepage_arrow":true,"image_1_height":"550","image_1_headline":"Parallax Shopify Theme","image_1_subtitle":"","image_1_text_color":"#ffffff","image_1_text_align":"center","image_1_button_text":"","image_1_link":"","slideshow_2_enabled":false,"image_2_position":"3","image_2_height":"550","image_2_headline":"","image_2_subtitle":"","image_2_text_color":"#ffffff","image_2_text_align":"center","image_2_button_text":"","image_2_link":"","slideshow_3_enabled":false,"image_3_position":"5","image_3_height":"550","image_3_headline":"","image_3_subtitle":"","image_3_text_color":"#ffffff","image_3_text_align":"center","image_3_button_text":"","image_3_link":"","slideshow_4_enabled":false,"image_4_position":"7","image_4_height":"550","image_4_headline":"","image_4_subtitle":"","image_4_text_color":"#ffffff","image_4_text_align":"center","image_4_button_text":"","image_4_link":"","slideshow_5_enabled":false,"image_5_position":"10","image_5_height":"550","image_5_headline":"","image_5_subtitle":"","image_5_text_color":"#ffffff","image_5_text_align":"center","image_5_button_text":"","image_5_link":"","slideshow_6_enabled":false,"image_6_position":"2","image_6_height":"550","image_6_headline":"","image_6_subtitle":"","image_6_text_color":"#ffffff","image_6_text_align":"center","image_6_button_text":"","image_6_link":"","homepage1":"frontpage","content_1_position":"4","homepage2":"","content_2_position":"6","homepage3":"","content_3_position":"10","featured_links_position":"2","featured_links":true,"featured_links_count":"3","featured_links_style":"fadeInUp","feature1_link":"","feature1_title":"Step 1","feature1_description":"Go to the Themes &raquo; Customize Theme section to get started setting up the Parallax theme.","feature2_link":"","feature2_title":"Step 2","feature2_description":"Checkout our <a href=\"http:\/\/support.outofthesandbox.com\/\">Support Center<\/a> for theme-related articles, or the <a href=\"http:\/\/docs.shopify.com\/manual\">Shopify Manual<\/a> for general shop setup.","feature3_link":"","feature3_title":"Step 3","feature3_description":"Publish Parallax as your main theme when you're ready to launch. Let us know about new shop launches on <a href=\"https:\/\/twitter.com\/outofthesandbox\">Twitter<\/a>!","feature4_link":"","feature4_title":"","feature4_description":"","featured_collections_position":"15","frontpage_linklist":"","frontpage_collections_per_row":"2","featured_products_position":"8","frontpage_collection":"frontpage","frontpage_products_per_row":"4","featured_product_position":"9","frontpage_collection_full":"","frontpage_display_description":false,"frontpage_product_stagger":true,"featured_blog_position":"13","blog_widget_select":"news","home_page_articles":"4","featured_social_position":"14","twitter_widget":false,"twitter_username":"","tweet_count":"3","instagram_widget":false,"instagram_client_id":"","instagram_title":"Instagram","instagram_username":"","instagram_count":"6","product_breadcrumb":false,"display_tags":false,"display_type":true,"display_vendor":false,"display_collections":true,"display_social_buttons":true,"product_images_position":"left","product_slideshow_animation":"zoom","slideshow_speed":"6","product_thumbs":true,"product_description_position":"top","display_related_products":true,"free_price_text":"Free","notify_me_form":true,"display_product_quantity":false,"display_inventory_left":false,"products_per_row":"2","mobile_products_per_row":"2","pagination_limit":"48","align_height":false,"collection_height":"200","collection_breadcrumb":true,"collection_tags":false,"collection_sort":true,"display_collection_title":true,"sale_banner_enabled":true,"quick_shop_enabled":true,"quick_shop_full_description":true,"description_words":"25","homepage_sidebar":false,"collection_sidebar":false,"product_sidebar":false,"collection_top_sidebar_page":"","collection_sidebar_linklist":"","collection_sidebar_linklist2":"","filter_by_category":false,"filter_by_tag":false,"collection_sidebar_products":false,"collection_sidebar_vendors":false,"collection_sidebar_page":"","cart_action":"ajax","side_cart_enabled":true,"tax_included":false,"display_special_instructions":false,"show_shipping_calculator":false,"shipping_calculator_default_country":"United States","blog_breadcrumb":true,"display_recent_articles":true,"display_social_buttons_blog":true,"blog_tags":true,"blog_author":true,"blog_content_page":"","disqus_enabled":false,"disqus_shortname":"","slideshow_blog_enabled":false,"image_blog_height":"400","image_blog_headline":"","image_blog_subtitle":"","image_blog_text_color":"#ffffff","image_blog_text_align":"center","contact_address":"","zoom_level":"15","slideshow_contact_enabled":false,"image_contact_height":"400","image_contact_headline":"","image_contact_subtitle":"","image_contact_text_color":"#ffffff","image_contact_text_align":"center","copyright_text":"","newsletter_enabled":true,"newsletter_system":"shopify","mailchimp_link":"","footer_linklist_1":"footer","footer_content_page":"","display_designed_by":true,"social_icons_footer":true,"twitter_link":"http:\/\/twitter.com\/","facebook_link":"http:\/\/facebook.com","google_link":"","youtube_link":"","vimeo_link":"","pinterest_link":"","tumblr_link":"","instagram_link":"","linkedin_link":"","flickr_link":"","email_link":"","use_paypal":false,"use_bitcoin":false,"use_visa":false,"use_visaelectron":false,"use_mastercard":false,"use_amex":false,"use_cirrus":false,"use_delta":false,"use_discover":false,"use_western_union":false,"show_multiple_currencies":false,"currency_format":"money_format","supported_currencies":"USD CAD AUD GBP EUR JPY","default_currency":"USD","newsletter_popup":false,"newsletter_popup_form":true,"newsletter_popup_page":"","newsletter_popup_seconds":"2","newsletter_popup_days":"30","newsletter_popup_max_width":"600","constrain_logo":true,"total_text":"TOTAL","checkout_accent_color":"#2c3439","checkout_button_color":"#bc8420","checkout_call_to_action_color":"#bc8420","customer_layout":"theme","shop_use_content_bg_color":false,"shop_content_bg_color":"","shop_use_home_page_content_bg_color":true,"add_to_cart_text":"Add to Cart","sold_out_text":"Sold Out","related_products_title":"Related Items","inventory_left_text":"items left","collection_sidebar_vendor_text":"Vendors","tags_text":"Filter","shipping_calculator_heading":"Shipping rates calculator","shipping_calculator_submit_button_label":"Calculate shipping rates","shipping_calculator_submit_button_label_disabled":"Calculating...","newsletter_description":"Sign up to get the latest on sales, new releases and more …","newsletter_success_text":"Thank you for joining our mailing list!","blog_widget":"false","instagram_tag_name":"","slideshow_animation":"fade","slideshow_menu":"true","cart_return":"checkout","side_cart_button_position":"bottom","cart_button_background":"#666666","nav_active_color":"#B8C6C6","quick_shop_text":"Quick View","newsletter_text":"News & Updates","footer_link_color":"#55c0d4","footer_link_color_hover":"#fc4c02","footer_color":"#16161d","footer_text_color":"#ffffff","featured_text":"#ffffff","featured_links_weight":"bold","social_icons_enabled":"true","headline_sub_footer_text_color":"#404040","option_to_match":""},"Vienna":{"use_logo":false,"use_logo_home":false,"logo_width":"140","main_linklist":"main-menu","dropdown_column_links":"10","logo_top_padding":"8","menu_top_padding":"10","content_top_padding":"100","menu_alignment":"align_left","fixed_header":true,"search_enabled":true,"search_option":"products","link_color":"#0099e5","link_hover_color":"#09bdfd","sidebar_nav_color":"#363636","sidebar_nav_color_hover":"#7f8c8d","btn_color":"#0099e5","btn_hover_color":"#09bdfd","btn_text_color":"#ffffff","share_banner_color":"#7f8c8d","sale_color":"#ff5858","sale_banner_color":"#ff5858","new_banner_color":"#ff5858","was_price_color":"#363636","border_color":"#b8c6c6","table_styles_enabled":true,"shop_bg_color":"#ffffff","modal_background_color":"#ffffff","quick_shop_color":"#ffffff","header_bg_color":"#1c262f","transparent_header":true,"mobile_header_bg_color":"#1c262f","mobile_menu_color":"light","promo_bg_color":"#1c262f","promo_text_color":"#ced8e0","shop_home_page_content_bg_color":"#ffffff","shop_home_page_content_text_color":"#545658","use_custom_bg_image":false,"repeat_bg":"repeat","bg_fixed":false,"bg_stretched":false,"sub_footer_link_color":"#666666","sub_footer_link_color_hover":"#0099e5","sub_footer_border_color":"#f2f2f2","sub_footer_color":"#f2f2f2","use_custom_footer_image":false,"footer_bg_stretched":false,"logo_typeface_method":"google_webfonts","logo_google_webfont_font":"Muli","logo_websafe_font":"Helvetica, Arial, sans-serif","logo_weight":"lighter","logo_font_style":"none","logo_font_size":"18","logo_color":"#ced8e0","logo_color_home":"#ffffff","headline_typeface_method":"google_webfonts","headline_google_webfont_font":"Muli","headline_websafe_font":"'HelveticaNeue-Light', 'Helvetica Neue Light', 'Helvetica Neue', Helvetica, Arial, sans-serif","headline_weight":"lighter","headline_font_style":"none","headline_font_size":"38","headline_letter_spacing":"0","headline_color":"#3e4552","headline_footer_text_color":"#7f8c8d","headline_border":"short","headline_border_color":"#0099e5","nav_typeface_method":"google_webfonts","nav_google_webfont_font":"Muli","nav_websafe_font":"'Lucida Grande', 'Lucida Sans Unicode', 'Lucida Sans', Lucida, Helvetica, Arial, sans-serif","nav_weight":"lighter","nav_font_style":"none","nav_font_size":"15","nav_color":"#ced8e0","nav_color_home":"#ffffff","nav_color_hover":"#ffffff","nav_letter_spacing":"0","nav_shadow":true,"regular_typeface_method":"google_webfonts","regular_google_webfont_font":"Muli","regular_websafe_font":"'HelveticaNeue-Light', 'Helvetica Neue Light', 'Helvetica Neue', Helvetica, Arial, sans-serif","regular_weight":"lighter","regular_font_style":"none","regular_font_size":"14","regular_color":"#525d63","button_weight":"bold","button_font_style":"none","button_font_size":"15","footer_font_size":"14","sub_footer_text_color":"#666666","promo_text":"","slideshow_headline_size":"56","slideshow_headline_weight":"lighter","slideshow_subtitle_size":"24","slideshow_subtitle_weight":"lighter","slideshow_shadow":true,"slideshow_1_enabled":false,"header_background":false,"homepage_arrow":false,"headline_animation":"fadeInUp","image_1_height":"670","image_1_headline":"Parallax Shopify Theme","image_1_subtitle":"","image_1_text_color":"#ffffff","image_1_text_align":"center","image_1_button_text":"","image_1_link":"","banner_video":false,"banner_video_source":"vimeo","banner_video_autoplay":false,"banner_video_text":false,"banner_video_id":"87701971","banner_video_mp4":"","banner_video_ogv":"","banner_video_width":"500","banner_video_height":"281","slideshow_2_enabled":false,"image_2_position":"3","image_2_height":"500","image_2_headline":"","image_2_subtitle":"","image_2_text_color":"#ffffff","image_2_text_align":"center","image_2_button_text":"","image_2_link":"","slideshow_3_enabled":false,"image_3_position":"5","image_3_height":"500","image_3_headline":"","image_3_subtitle":"","image_3_text_color":"#ffffff","image_3_text_align":"center","image_3_button_text":"","image_3_link":"","slideshow_4_enabled":false,"image_4_position":"7","image_4_height":"500","image_4_headline":"","image_4_subtitle":"","image_4_text_color":"#ffffff","image_4_text_align":"center","image_4_button_text":"","image_4_link":"","slideshow_5_enabled":false,"image_5_position":"9","image_5_height":"500","image_5_headline":"","image_5_subtitle":"","image_5_text_color":"#ffffff","image_5_text_align":"center","image_5_button_text":"","image_5_link":"","slideshow_6_enabled":false,"image_6_position":"2","image_6_height":"500","image_6_headline":"","image_6_subtitle":"","image_6_text_color":"#ffffff","image_6_text_align":"center","image_6_button_text":"","image_6_link":"","homepage1":"frontpage","content_1_position":"4","homepage2":"","content_2_position":"6","homepage3":"","content_3_position":"15","featured_links_position":"2","featured_links":true,"featured_links_count":"3","featured_links_style":"fadeInUp","feature1_link":"","feature1_title":"Step 1","feature1_description":"Go to the Themes &raquo; Customize Theme section to get started setting up the Parallax theme.","feature2_link":"","feature2_title":"Step 2","feature2_description":"Checkout our <a href=\"http:\/\/support.outofthesandbox.com\/\">Support Center<\/a> for theme-related articles, or the <a href=\"http:\/\/docs.shopify.com\/manual\">Shopify Manual<\/a> for general shop setup.","feature3_link":"","feature3_title":"Step 3","feature3_description":"Publish Parallax as your main theme when you're ready to launch. Let us know about new shop launches on <a href=\"https:\/\/twitter.com\/outofthesandbox\">Twitter<\/a>!","feature4_link":"","feature4_description":"","featured_collections_position":"15","frontpage_linklist":"","frontpage_collections_per_row":"2","featured_products_position":"8","frontpage_collection":"frontpage","frontpage_products_per_row":"4","featured_product_position":"9","frontpage_display_description":false,"frontpage_product_stagger":true,"featured_blog_position":"13","blog_widget_select":"news","home_page_articles":"4","featured_social_position":"14","twitter_widget":false,"twitter_username":"","tweet_count":"3","instagram_widget":false,"instagram_client_id":"","instagram_title":"Instagram","instagram_username":"","instagram_count":"6","product_breadcrumb":false,"display_tags":false,"display_type":true,"display_vendor":false,"display_collections":true,"display_social_buttons":true,"product_images_position":"left","product_slideshow_animation":"slide","slideshow_speed":"6","product_thumbs":false,"product_description_position":"top","display_related_products":true,"add_to_cart_text":"Add to Cart","sold_out_text":"Sold Out","free_price_text":"Free","related_products_title":"Related Items","notify_me_form":true,"display_product_quantity":false,"display_inventory_left":false,"inventory_left_text":"items left","products_per_row":"2","mobile_products_per_row":"2","pagination_limit":"48","align_height":false,"collection_height":"200","collection_breadcrumb":true,"collection_tags":false,"collection_sort":true,"display_collection_title":true,"sale_banner_enabled":true,"quick_shop_enabled":true,"quick_shop_full_description":false,"description_words":"25","homepage_sidebar":false,"collection_sidebar":false,"product_sidebar":false,"collection_sidebar_linklist":"","collection_sidebar_linklist2":"","filter_by_category":false,"filter_by_tag":false,"collection_sidebar_products":false,"collection_sidebar_vendors":false,"collection_sidebar_vendor_text":"Vendors","tags_text":"Filter","cart_action":"ajax","side_cart_enabled":true,"tax_included":false,"display_special_instructions":false,"show_shipping_calculator":false,"shipping_calculator_heading":"Shipping rates calculator","shipping_calculator_default_country":"United States","shipping_calculator_submit_button_label":"Calculate shipping rates","shipping_calculator_submit_button_label_disabled":"Calculating...","constrain_logo":true,"total_text":"TOTAL","display_recent_articles":true,"display_social_buttons_blog":true,"blog_tags":true,"blog_author":true,"blog_content_page":"","disqus_enabled":false,"disqus_shortname":"","contact_address":"","zoom_level":"15","copyright_text":"","newsletter_enabled":true,"newsletter_description":"Sign up to get the latest on sales, new releases and more …","newsletter_success_text":"Thank you for joining our mailing list!","newsletter_system":"shopify","mailchimp_link":"","footer_linklist_1":"footer","footer_content_page":"","display_designed_by":true,"social_icons_footer":true,"twitter_link":"http:\/\/twitter.com","facebook_link":"http:\/\/facebook.com","google_link":"","youtube_link":"","vimeo_link":"","pinterest_link":"","tumblr_link":"","instagram_link":"","linkedin_link":"","flickr_link":"","email_link":"","use_paypal":false,"use_bitcoin":false,"use_visa":false,"use_visaelectron":false,"use_mastercard":false,"use_amex":false,"use_cirrus":false,"use_delta":false,"use_discover":false,"use_western_union":false,"show_multiple_currencies":false,"currency_format":"money_format","supported_currencies":"USD CAD AUD GBP EUR JPY","default_currency":"USD","newsletter_popup":false,"newsletter_popup_form":true,"newsletter_popup_page":"","newsletter_popup_seconds":"2","newsletter_popup_days":"30","newsletter_popup_max_width":"600","customer_layout":"theme","blog_widget":"false","instagram_tag_name":"","slideshow_animation":"fade","slideshow_menu":"true","cart_return":"checkout","side_cart_button_position":"bottom","cart_button_background":"#666666","nav_active_color":"#B8C6C6","quick_shop_text":"Quick View","newsletter_text":"News & Updates","footer_link_color":"#55c0d4","footer_link_color_hover":"#fc4c02","footer_color":"#16161d","footer_text_color":"#ffffff","featured_text":"#ffffff","featured_links_weight":"bold","social_icons_enabled":"true","headline_sub_footer_text_color":"#404040","option_to_match":"","collection_sidebar_page":"","collection_top_sidebar_page":"","frontpage_collection_full":""}},"current":"Aspen"}